;x
02-01-2019;0.017313503
03-01-2019;-0.013315632
04-01-2019;0.024874857
07-01-2019;-0.006511562
08-01-2019;0.007354098
09-01-2019;0.011133418
10-01-2019;0.008950206
11-01-2019;-0.004618576
14-01-2019;-0.007016863
15-01-2019;0.015174183
16-01-2019;0.011689963
17-01-2019;0.007498977
18-01-2019;-0.006904293
22-01-2019;-0.018760119
23-01-2019;-0.002272776
24-01-2019;-0.006848473
25-01-2019;0.013451398
28-01-2019;0.002820077
29-01-2019;-0.00975053
30-01-2019;0.009845413
31-01-2019;-0.00021219
01-02-2019;-0.002873252
04-02-2019;0.021496385
05-02-2019;0.004764442
06-02-2019;-0.004410926
07-02-2019;-0.005971943
08-02-2019;0.008072306
11-02-2019;-0.010190035
12-02-2019;0.003136599
13-02-2019;-0.0076104
14-02-2019;0.004113499
15-02-2019;-0.007667026
19-02-2019;0.009218628
20-02-2019;0.00484109
21-02-2019;-0.004871375
22-02-2019;0.009496395
25-02-2019;0.001520999
26-02-2019;0.003910078
27-02-2019;0.00795739
28-02-2019;-0.005726096
01-03-2019;0.001966164
04-03-2019;0.000861165
05-03-2019;-0.002619816
06-03-2019;-0.000944347
07-03-2019;-0.008229999
08-03-2019;0.013288572
11-03-2019;0.018576466
12-03-2019;0.003967843
13-03-2019;-0.00472285
14-03-2019;-0.000707744
15-03-2019;0.007686661
18-03-2019;0.011633074
19-03-2019;-0.011063622
20-03-2019;0.009331416
21-03-2019;0.025508035
22-03-2019;-0.019580954
25-03-2019;-0.014882498
26-03-2019;-0.02754843
27-03-2019;-0.003549569
28-03-2019;-0.000659396
29-03-2019;-0.001479383
01-04-2019;-0.003323293
02-04-2019;0.01436228
03-04-2019;0.011065757
04-04-2019;0.003102618
05-04-2019;0.002007399
08-04-2019;0.016503464
09-04-2019;-0.004445018
10-04-2019;0.00725742
11-04-2019;-0.009054467
12-04-2019;-0.002311455
15-04-2019;0.002967455
16-04-2019;-0.000151529
17-04-2019;0.018870058
18-04-2019;0.001082234
22-04-2019;0.009306528
23-04-2019;0.013307407
24-04-2019;-0.00086869
25-04-2019;-0.007863757
26-04-2019;-0.002419653
29-04-2019;0.000711873
30-04-2019;-0.013287117
01-05-2019;0.000275671
02-05-2019;-0.001604478
03-05-2019;0.002504249
06-05-2019;0.020894706
07-05-2019;-0.014217593
08-05-2019;0.003792342
09-05-2019;-0.000562132
10-05-2019;-0.002289857
13-05-2019;-0.009830067
14-05-2019;0.011333304
15-05-2019;0.022468164
16-05-2019;-0.000252751
17-05-2019;0.009272675
20-05-2019;0.00244588
21-05-2019;0.00590879
22-05-2019;-0.00984749
23-05-2019;-0.000952438
24-05-2019;-0.007235038
28-05-2019;-0.004367782
29-05-2019;0.007228221
30-05-2019;0.000165742
31-05-2019;-0.00320858
03-06-2019;-0.013561838
04-06-2019;0.021489131
05-06-2019;-0.010385614
06-06-2019;0.012544021
07-06-2019;0.018659139
10-06-2019;0.004408705
11-06-2019;-0.00040793
12-06-2019;0.001105353
13-06-2019;-0.002480984
14-06-2019;0.008693613
17-06-2019;0.004424559
18-06-2019;0.013054234
19-06-2019;-0.011628209
20-06-2019;-0.005281861
21-06-2019;0.000698539
24-06-2019;-0.001202768
25-06-2019;-0.014916055
26-06-2019;0.009660442
27-06-2019;-0.003997978
28-06-2019;-0.003857084
01-07-2019;-0.008745261
02-07-2019;0.005344241
05-07-2019;0.005115356
08-07-2019;-0.003489062
09-07-2019;0.010218832
10-07-2019;0.007034703
11-07-2019;-0.008074559
12-07-2019;0.002986317
15-07-2019;0.005692845
16-07-2019;-0.001002769
17-07-2019;-0.004732859
18-07-2019;0.007814483
19-07-2019;-0.017863184
22-07-2019;0.015476772
23-07-2019;0.000428137
24-07-2019;0.003770705
25-07-2019;-0.007787624
26-07-2019;-9.19E-05
29-07-2019;0.005980987
30-07-2019;0.000405476
31-07-2019;-0.0175541
01-08-2019;-0.026520573
02-08-2019;-0.006361726
05-08-2019;-0.022918545
06-08-2019;0.00108009
07-08-2019;0.017972802
08-08-2019;0.013146206
09-08-2019;0.000497751
12-08-2019;0.004723366
13-08-2019;0.037991864
14-08-2019;0.001718491
15-08-2019;-0.007338611
16-08-2019;0.008086223
19-08-2019;-0.001638285
20-08-2019;-0.00369653
21-08-2019;-0.000893542
22-08-2019;-0.006346254
23-08-2019;-0.032338163
26-08-2019;0.001840736
27-08-2019;-0.019945838
28-08-2019;0.00439481
29-08-2019;0.001340029
30-08-2019;-0.00760485
03-09-2019;-0.005190692
04-09-2019;0.002581596
05-09-2019;0.005103813
06-09-2019;-0.005082208
09-09-2019;-0.004215161
10-09-2019;0.010919581
11-09-2019;0.023812528
12-09-2019;-0.008566585
13-09-2019;-0.004302455
16-09-2019;0.00877802
17-09-2019;0.00199502
18-09-2019;0.007571361
19-09-2019;-0.005370849
20-09-2019;-0.018829849
23-09-2019;-0.002607462
24-09-2019;-0.015945685
25-09-2019;0.008348993
26-09-2019;-0.001589476
27-09-2019;-0.006367749
30-09-2019;0.012593916
01-10-2019;-0.000830725
02-10-2019;-0.018754872
03-10-2019;0.01339774
04-10-2019;0.004986011
07-10-2019;0.00284241
08-10-2019;-0.006369821
09-10-2019;-0.001785798
10-10-2019;0.008648392
11-10-2019;0.012398653
14-10-2019;0.005129165
15-10-2019;-0.00576236
16-10-2019;0.004982328
17-10-2019;-0.000106287
18-10-2019;0.006713727
21-10-2019;0.010406617
22-10-2019;-0.005254345
23-10-2019;0.004534634
24-10-2019;-0.006007321
25-10-2019;0.014053333
28-10-2019;0.006768023
29-10-2019;-0.022375373
30-10-2019;-0.006252028
31-10-2019;0.003763021
01-11-2019;0.023594873
04-11-2019;-0.001032349
05-11-2019;-0.000542388
06-11-2019;0.000560141
07-11-2019;0.002473688
08-11-2019;0.00467989
11-11-2019;0.013544554
12-11-2019;1.89E-05
13-11-2019;0.012181259
14-11-2019;-0.005845929
15-11-2019;0.005283739
18-11-2019;0.002661458
19-11-2019;-0.006758765
20-11-2019;-0.009565756
21-11-2019;-0.006204139
22-11-2019;-0.004215485
25-11-2019;0.014973096
26-11-2019;-0.01251756
27-11-2019;0.007230403
02-12-2019;-0.013437689
03-12-2019;0.00306707
04-12-2019;0.001685871
05-12-2019;0.007617335
06-12-2019;0.010884978
09-12-2019;-0.012106526
10-12-2019;-0.000653768
11-12-2019;0.006304573
12-12-2019;0.013391743
13-12-2019;0.01490926
16-12-2019;0.009483643
17-12-2019;0.003066901
18-12-2019;-0.001158353
19-12-2019;0.002322902
20-12-2019;-0.012494014
23-12-2019;0.0111751
26-12-2019;0.016457557
27-12-2019;-0.006250149
30-12-2019;0.007548946
31-12-2019;0.012244536
02-01-2020;0.012750278
03-01-2020;-0.000238231
06-01-2020;0.017972205
07-01-2020;-0.006821481
08-01-2020;0.018406008
09-01-2020;0.007277209
10-01-2020;-0.00227457
13-01-2020;0.015810637
14-01-2020;-0.015250657
15-01-2020;-0.004116443
16-01-2020;0.00422397
17-01-2020;0.006089556
21-01-2020;-0.002507808
22-01-2020;-0.004287222
23-01-2020;0.001686853
24-01-2020;-0.005305544
27-01-2020;-0.00229147
28-01-2020;0.015105887
29-01-2020;-0.001309467
30-01-2020;0.007885583
31-01-2020;-0.0365122
03-02-2020;0.012867719
04-02-2020;0.009095645
05-02-2020;-0.005029464
06-02-2020;0.006061951
07-02-2020;-0.007278762
10-02-2020;0.021435374
11-02-2020;-0.013255894
12-02-2020;0.016528381
13-02-2020;0.00069551
14-02-2020;0.001495592
18-02-2020;0.010829907
19-02-2020;0.009209922
20-02-2020;-0.007283368
21-02-2020;-0.02045228
24-02-2020;0.004499279
25-02-2020;-0.043227838
26-02-2020;0.01562632
27-02-2020;-0.027288655
28-02-2020;0.063991891
02-03-2020;0.05738266
03-03-2020;-0.048615775
04-03-2020;0.015609552
05-03-2020;-0.007069931
06-03-2020;0.025561137
09-03-2020;0.010746195
10-03-2020;0.025433977
11-03-2020;-0.008201716
12-03-2020;-0.034449243
13-03-2020;0.045315159
16-03-2020;0.007652511
17-03-2020;0.017724802
18-03-2020;0.046589948
19-03-2020;-0.012209835
20-03-2020;-0.077563178
23-03-2020;-0.029453075
24-03-2020;0.040460671
25-03-2020;-0.024848903
26-03-2020;0.0462359
27-03-2020;-0.02605673
30-03-2020;0.011866297
31-03-2020;-0.008169134
01-04-2020;-0.022996071
02-04-2020;0.022670381
03-04-2020;-0.003833505
06-04-2020;0.044080434
07-04-2020;-0.045273666
08-04-2020;0.009037694
09-04-2020;-0.005947511
13-04-2020;0.018465469
14-04-2020;0.021976123
15-04-2020;0.006304526
16-04-2020;-0.000755439
17-04-2020;-0.005604485
20-04-2020;-0.00563105
21-04-2020;-0.030104299
22-04-2020;0.006650922
23-04-2020;-0.002792467
24-04-2020;0.020565681
27-04-2020;0.005539337
28-04-2020;-0.022088432
29-04-2020;0.009564723
30-04-2020;0.012429237
01-05-2020;0.010813786
04-05-2020;0.012663618
05-05-2020;0.009850523
06-05-2020;-0.00175373
07-05-2020;0.000825918
08-05-2020;0.012937467
11-05-2020;0.022581026
12-05-2020;-0.021357108
13-05-2020;-0.01421159
14-05-2020;0.013918409
15-05-2020;0.022508452
18-05-2020;0.004289294
19-05-2020;-0.005459236
20-05-2020;0.005507624
21-05-2020;-0.003902602
22-05-2020;0.006525425
26-05-2020;-0.021029214
27-05-2020;0.005951471
28-05-2020;0.004737313
29-05-2020;-0.005446516
01-06-2020;0.010917139
02-06-2020;0.008324037
03-06-2020;-0.001005551
04-06-2020;-0.0083885
05-06-2020;0.022791121
08-06-2020;0.008237959
09-06-2020;0.033462953
10-06-2020;0.013725062
11-06-2020;-0.036879512
12-06-2020;-0.019955895
15-06-2020;0.028583439
16-06-2020;0.002816851
17-06-2020;-0.013951724
18-06-2020;-0.00034007
19-06-2020;-0.016064867
22-06-2020;0.018425922
23-06-2020;0.006425237
24-06-2020;-0.015313947
25-06-2020;0.009792308
26-06-2020;-0.03250264
29-06-2020;0.020296877
30-06-2020;0.010725401
01-07-2020;-0.006333941
02-07-2020;-0.012789661
06-07-2020;0.009831265
07-07-2020;-0.006217758
08-07-2020;0.007408744
09-07-2020;-0.005439415
10-07-2020;0.001060928
13-07-2020;-0.023215862
14-07-2020;0.024018889
15-07-2020;-0.014663976
16-07-2020;-0.000623082
17-07-2020;-0.010263663
20-07-2020;0.016892368
21-07-2020;-0.023880392
22-07-2020;0.004435594
23-07-2020;-0.044814621
24-07-2020;0.016110374
27-07-2020;0.011329331
28-07-2020;-0.012883497
29-07-2020;0.013432017
30-07-2020;0.01929655
31-07-2020;0.030501121
03-08-2020;0.004262695
04-08-2020;0.004758835
05-08-2020;0.004792583
06-08-2020;0.031199592
07-08-2020;-0.018069978
10-08-2020;-0.00283875
11-08-2020;-0.023521939
12-08-2020;0.017955766
13-08-2020;0.003027282
14-08-2020;0.001666574
17-08-2020;-0.014811683
18-08-2020;0.009906946
19-08-2020;-0.001945682
20-08-2020;0.01982222
21-08-2020;0.036903433
24-08-2020;-0.022065546
25-08-2020;0.001179275
26-08-2020;0.000624545
27-08-2020;-0.01493498
28-08-2020;-0.008268335
31-08-2020;0.009072414
01-09-2020;0.008104071
02-09-2020;-0.046941379
03-09-2020;-0.048450961
04-09-2020;0.011199793
08-09-2020;-0.00671635
09-09-2020;-0.002492108
10-09-2020;-0.059959364
11-09-2020;-0.024253065
14-09-2020;0.004038
15-09-2020;-0.025610264
16-09-2020;-0.029454319
17-09-2020;0.002179915
18-09-2020;-0.03595688
21-09-2020;0.054004452
22-09-2020;-0.009248626
23-09-2020;-0.039478258
24-09-2020;0.030142811
25-09-2020;0.034704251
28-09-2020;-0.000353352
29-09-2020;-0.002270647
30-09-2020;0.018515133
01-10-2020;-0.006510386
02-10-2020;0.002607486
05-10-2020;0.021000702
06-10-2020;-0.02192979
07-10-2020;0.001570131
08-10-2020;-0.011590807
09-10-2020;0.015764715
12-10-2020;0.031909756
13-10-2020;-0.035160713
14-10-2020;0.003229067
15-10-2020;0.015994756
16-10-2020;-0.018810583
19-10-2020;-0.032496811
20-10-2020;0.013445063
21-10-2020;0.005342749
22-10-2020;-0.013807397
23-10-2020;-0.010978777
26-10-2020;0.007776709
27-10-2020;0.008830842
28-10-2020;-0.033005615
29-10-2020;0.01845746
30-10-2020;-0.015467684
02-11-2020;-0.004770659
03-11-2020;0.002878455
04-11-2020;0.006642054
05-11-2020;0.005309026
06-11-2020;0.003247204
09-11-2020;-0.03284645
10-11-2020;0.00431623
11-11-2020;0.020027223
12-11-2020;-0.002723902
13-11-2020;-0.001002608
16-11-2020;0.011334864
17-11-2020;-0.001674172
18-11-2020;-0.004316803
19-11-2020;0.010375503
20-11-2020;-0.010722181
23-11-2020;-0.028268069
24-11-2020;0.011264411
25-11-2020;0.003970785
30-11-2020;0.019742737
01-12-2020;0.014555902
02-12-2020;0.007423557
03-12-2020;-0.006251268
04-12-2020;-0.003353879
07-12-2020;0.012750921
08-12-2020;0.000929475
09-12-2020;-0.022311427
10-12-2020;0.021343416
11-12-2020;0.000243752
14-12-2020;-0.007158676
15-12-2020;0.02815495
16-12-2020;0.003721849
17-12-2020;-0.003223627
18-12-2020;-0.018113475
21-12-2020;0.024712659
22-12-2020;-3.05E-05
23-12-2020;-0.009729661
28-12-2020;0.019653166
29-12-2020;-0.022090143
30-12-2020;-0.012668541
31-12-2020;-0.00978746
04-01-2021;-0.031208312
05-01-2021;0.013861536
06-01-2021;-0.008511186
07-01-2021;0.019280117
08-01-2021;-0.003622055
11-01-2021;-6.88E-07
12-01-2021;0.001790904
13-01-2021;0.017189008
14-01-2021;-0.014519786
15-01-2021;-0.01531819
19-01-2021;0.000472137
20-01-2021;0.025099025
21-01-2021;0.022320586
22-01-2021;0.018198036
25-01-2021;-0.002447034
26-01-2021;-0.002821497
27-01-2021;-0.00639111
28-01-2021;-0.020351156
29-01-2021;-0.02649305
01-02-2021;0.002311582
02-02-2021;-0.005581483
03-02-2021;-0.014099744
04-02-2021;0.005354635
05-02-2021;-0.004781721
08-02-2021;0.004611992
09-02-2021;-0.004510379
10-02-2021;-0.009238344
11-02-2021;-0.006680207
12-02-2021;0.007413562
16-02-2021;-0.017571974
17-02-2021;-0.003668895
18-02-2021;0.003204949
19-02-2021;-0.002383182
22-02-2021;-0.01597778
23-02-2021;0.015620228
24-02-2021;0.00207273
25-02-2021;-0.030656381
26-02-2021;-0.012940917
01-03-2021;0.029534703
02-03-2021;-0.025746294
03-03-2021;-0.022638179
04-03-2021;-0.010317314
05-03-2021;0.00205053
08-03-2021;-0.036011485
09-03-2021;0.015332976
10-03-2021;-0.013824415
11-03-2021;-0.00487093
12-03-2021;0.00559352
15-03-2021;0.020418761
16-03-2021;-0.002506253
17-03-2021;0.006640072
18-03-2021;-0.019879773
19-03-2021;-0.00225084
22-03-2021;0.022791224
23-03-2021;-0.007439515
24-03-2021;-0.024125819
25-03-2021;0.010546809
26-03-2021;0.005545157
29-03-2021;-0.003581576
30-03-2021;-0.000208669
31-03-2021;0.004100786
01-04-2021;-0.005393985
05-04-2021;0.015520509
06-04-2021;-0.002532422
07-04-2021;0.016313347
08-04-2021;0.010950098
09-04-2021;0.022139724
12-04-2021;-0.008153269
13-04-2021;0.012900476
14-04-2021;-0.020544644
15-04-2021;0.002910022
16-04-2021;-0.003426074
19-04-2021;0.009466583
20-04-2021;-0.014521629
21-04-2021;0.007711977
22-04-2021;-0.006271026
23-04-2021;0.014671639
26-04-2021;3.68E-05
27-04-2021;-0.006495
28-04-2021;-0.004174929
29-04-2021;-0.022105725
30-04-2021;-0.002016061
03-05-2021;0.004985361
04-05-2021;-0.023685018
05-05-2021;-0.008655618
06-05-2021;0.014678179
07-05-2021;-0.004786532
10-05-2021;-0.018459113
11-05-2021;0.020189578
12-05-2021;-0.002671697
13-05-2021;-0.000232053
14-05-2021;0.00716895
17-05-2021;-0.002438594
18-05-2021;-0.013921269
19-05-2021;0.01324334
20-05-2021;0.015644349
21-05-2021;-0.019923349
24-05-2021;0.008495092
25-05-2021;-0.006164019
26-05-2021;-0.000354313
27-05-2021;-0.009011569
28-05-2021;-0.008353828
01-06-2021;-0.006494393
02-06-2021;0.007581793
03-06-2021;-0.008822267
04-06-2021;0.013407637
07-06-2021;-0.002259873
08-06-2021;0.000399428
09-06-2021;-0.000943025
10-06-2021;-0.007501737
11-06-2021;0.006463337
14-06-2021;0.020179763
15-06-2021;-0.001733027
16-06-2021;-0.00253993
17-06-2021;0.012588094
18-06-2021;-0.002986467
21-06-2021;0.014428251
22-06-2021;0.013752737
23-06-2021;-0.000599058
24-06-2021;-0.008028066
25-06-2021;-0.002551004
28-06-2021;0.009286297
29-06-2021;0.009701011
30-06-2021;0.004945711
01-07-2021;0.006286939
02-07-2021;0.014288096
06-07-2021;0.012413643
07-07-2021;0.007223127
08-07-2021;0.009448923
09-07-2021;0.016884327
12-07-2021;-0.011629745
13-07-2021;0.010509316
14-07-2021;0.009319236
15-07-2021;-0.00335518
16-07-2021;-0.014989996
19-07-2021;-0.009150934
20-07-2021;0.017680813
21-07-2021;-0.001512421
22-07-2021;0.005232727
23-07-2021;0.006283822
26-07-2021;0.004379366
27-07-2021;-0.014126569
28-07-2021;0.000168852
29-07-2021;0.006580325
30-07-2021;0.009163615
02-08-2021;-0.006131046
03-08-2021;0.008537146
04-08-2021;-0.002752949
05-08-2021;0.000103469
06-08-2021;-0.002152067
09-08-2021;-0.001093343
10-08-2021;-0.005406063
11-08-2021;-0.000992873
12-08-2021;0.018266093
13-08-2021;-0.000539317
16-08-2021;0.01652434
17-08-2021;0.001897758
18-08-2021;-0.022187303
19-08-2021;0.011113084
20-08-2021;0.002974601
23-08-2021;0.009234257
24-08-2021;0.001038757
25-08-2021;-0.009223685
26-08-2021;-0.00547648
27-08-2021;0.008416233
30-08-2021;0.026386005
31-08-2021;-0.005382947
01-09-2021;-0.001412969
02-09-2021;-0.001397079
03-09-2021;0.003082262
07-09-2021;0.011301266
08-09-2021;-0.011757283
09-09-2021;-0.009333649
10-09-2021;-0.039480011
13-09-2021;-0.005693845
14-09-2021;-0.014773769
15-09-2021;0.00461251
16-09-2021;0.002186791
17-09-2021;-0.017610712
20-09-2021;-0.005960874
21-09-2021;-0.004940967
22-09-2021;0.011056617
23-09-2021;0.001160612
24-09-2021;0.006836074
27-09-2021;0.000829832
28-09-2021;-0.006986676
29-09-2021;0.002038151
30-09-2021;-0.015930306
01-10-2021;0.005057107
04-10-2021;-0.016284748
05-10-2021;0.009308951
06-10-2021;0.018875513
07-10-2021;0.000390942
08-10-2021;-0.007489946
11-10-2021;0.004597329
12-10-2021;-0.012434953
13-10-2021;-0.000525216
14-10-2021;0.011263779
15-10-2021;0.005260358
18-10-2021;0.020859523
19-10-2021;0.011698102
20-10-2021;0.003557967
21-10-2021;0.00398822
22-10-2021;-0.008109891
25-10-2021;0.000506249
26-10-2021;-0.000936125
27-10-2021;-0.003822162
28-10-2021;0.018629204
29-10-2021;0.016968604
01-11-2021;0.001243521
02-11-2021;0.007475693
03-11-2021;0.00606086
04-11-2021;-0.004526588
05-11-2021;-0.004518269
08-11-2021;-0.007022185
09-11-2021;0.005083427
10-11-2021;-0.015476437
11-11-2021;-0.007142669
12-11-2021;0.009988398
15-11-2021;-0.002464553
16-11-2021;0.006211227
17-11-2021;0.017132558
18-11-2021;0.028235415
19-11-2021;0.016546896
22-11-2021;-0.003713666
23-11-2021;0.004445736
24-11-2021;0.005726471
29-11-2021;0.005823409
30-11-2021;0.031805645
01-12-2021;-0.017420907
02-12-2021;0.029715951
03-12-2021;-0.012589279
06-12-2021;0.004832477
07-12-2021;0.012721349
08-12-2021;0.017062929
09-12-2021;-0.001575222
10-12-2021;0.023653982
13-12-2021;-0.02912283
14-12-2021;-0.003839716
15-12-2021;0.024610808
16-12-2021;-0.039576461
17-12-2021;0.007880284
20-12-2021;0.01269496
21-12-2021;0.004854902
22-12-2021;0.014226306
23-12-2021;0.002612158
27-12-2021;0.017175647
28-12-2021;-0.003584992
29-12-2021;0.000560119
30-12-2021;-0.007546377
31-12-2021;-0.001854055
03-01-2022;0.022933073
04-01-2022;-0.015176341
05-01-2022;-0.025695487
06-01-2022;-0.002233522
07-01-2022;-0.00379811
10-01-2022;0.020889821
11-01-2022;0.014501831
12-01-2022;-0.003242825
13-01-2022;-0.016792114
14-01-2022;0.010481145
18-01-2022;-0.009901358
19-01-2022;-0.022193825
20-01-2022;-0.014211678
21-01-2022;-0.012845377
24-01-2022;0.015717226
25-01-2022;0.004991386
26-01-2022;-0.02366759
27-01-2022;-0.018792711
28-01-2022;0.026051299
31-01-2022;0.026976379
01-02-2022;0.000269748
02-02-2022;0.00627465
03-02-2022;-0.009493473
04-02-2022;0.003729293
07-02-2022;-0.006936665
08-02-2022;0.018101608
09-02-2022;-0.000687427
10-02-2022;-0.011948651
11-02-2022;-0.022309978
14-02-2022;0.008890192
15-02-2022;0.008515814
16-02-2022;0.002605706
17-02-2022;-0.010600865
18-02-2022;-0.013857037
22-02-2022;-0.004138879
23-02-2022;-0.033902581
24-02-2022;0.064768501
25-02-2022;0.005146008
28-02-2022;0.013502398
01-03-2022;-0.009572474
02-03-2022;0.010549202
03-03-2022;-0.011885479
04-03-2022;-0.00737845
07-03-2022;-0.024362849
08-03-2022;-0.0095525
09-03-2022;0.007274411
10-03-2022;-0.011724068
11-03-2022;-0.028043074
14-03-2022;-0.007106722
15-03-2022;0.026528188
16-03-2022;0.014613833
17-03-2022;0.013798823
18-03-2022;0.019898988
21-03-2022;0.009644858
22-03-2022;0.017927882
23-03-2022;0.012331308
24-03-2022;0.016245871
25-03-2022;0.002428632
28-03-2022;0.017634584
29-03-2022;0.011182711
30-03-2022;-0.004771423
31-03-2022;-0.016146083
01-04-2022;0.003139498
04-04-2022;0.02135338
05-04-2022;-0.015223909
06-04-2022;-0.003167991
07-04-2022;0.008739384
08-04-2022;-0.007631369
11-04-2022;-0.017304173
12-04-2022;-0.002587086
13-04-2022;0.017828462
14-04-2022;-0.032432304
18-04-2022;0.006877436
19-04-2022;0.012929675
20-04-2022;-0.00889677
21-04-2022;-0.014063713
22-04-2022;-0.026751621
25-04-2022;0.011363071
26-04-2022;-0.034908843
27-04-2022;0.003455945
28-04-2022;0.030259265
29-04-2022;-0.02683582
02-05-2022;0.009559521
03-05-2022;0.006070963
04-05-2022;0.04081579
05-05-2022;-0.042204759
06-05-2022;0.007177267
09-05-2022;-0.014285039
10-05-2022;-0.011148603
11-05-2022;-0.045763531
12-05-2022;-0.001115993
13-05-2022;0.014742735
16-05-2022;0.000249213
17-05-2022;-0.00156337
18-05-2022;-0.040658775
19-05-2022;-0.021559501
20-05-2022;-0.012333018
23-05-2022;0.033994546
24-05-2022;-0.003133997
25-05-2022;0.014992654
26-05-2022;0.045220547
27-05-2022;0.028823756
31-05-2022;-0.001408923
01-06-2022;-0.005977211
02-06-2022;0.023213604
03-06-2022;-0.010369915
06-06-2022;-0.004121097
07-06-2022;0.02770732
08-06-2022;-0.004075175
09-06-2022;-0.02959922
10-06-2022;-0.021989213
13-06-2022;-0.005528451
14-06-2022;0.000190399
15-06-2022;0.008863716
16-06-2022;-0.010250568
17-06-2022;0.010302895
21-06-2022;0.017164102
22-06-2022;0.005584724
23-06-2022;0.010428065
24-06-2022;0.014099092
27-06-2022;-0.006396118
28-06-2022;-0.029988544
29-06-2022;0.013666621
30-06-2022;-0.002136256
01-07-2022;0.019853916
05-07-2022;0.02664608
06-07-2022;0.009452005
07-07-2022;0.020743136
08-07-2022;0.012907346
11-07-2022;-0.004090925
12-07-2022;0.001120161
13-07-2022;0.01738263
14-07-2022;0.030844189
15-07-2022;0.001870678
18-07-2022;-0.023440832
19-07-2022;0.021506325
20-07-2022;0.012761915
21-07-2022;0.004087681
22-07-2022;-0.005204755
25-07-2022;-0.007521602
26-07-2022;-0.002927961
27-07-2022;0.026137793
28-07-2022;0.001169865
29-07-2022;0.007604778
01-08-2022;0.000673368
02-08-2022;-0.001652452
03-08-2022;0.032185907
04-08-2022;-0.002112854
05-08-2022;0.0129217
08-08-2022;-0.009537769
09-08-2022;0.005232104
10-08-2022;0.009945721
11-08-2022;-0.008919681
12-08-2022;0.01207616
15-08-2022;0.009517616
16-08-2022;0.002458407
17-08-2022;0.009843096
18-08-2022;0.001901043
19-08-2022;-0.01151274
22-08-2022;-0.011513176
23-08-2022;3.61E-05
24-08-2022;0.002899889
25-08-2022;0.007467253
26-08-2022;-0.042177612
29-08-2022;0.001732429
30-08-2022;-0.021290793
31-08-2022;-0.018679617
01-09-2022;0.006370963
02-09-2022;-0.025311649
06-09-2022;-0.014085092
07-09-2022;0.007597023
08-09-2022;-3.85E-05
09-09-2022;0.010361664
12-09-2022;0.024326789
13-09-2022;-0.038400273
14-09-2022;0.001623983
15-09-2022;-0.014720125
16-09-2022;-0.004661627
19-09-2022;0.035796559
20-09-2022;0.024728909
21-09-2022;-0.02261651
22-09-2022;0.005877086
23-09-2022;-0.000350959
26-09-2022;0.006294569
27-09-2022;-0.005770641
28-09-2022;0.013345403
29-09-2022;-0.022862735
30-09-2022;-0.021875778
03-10-2022;0.029289583
04-10-2022;0.008346467
05-10-2022;0.015941375
06-10-2022;-0.001647024
07-10-2022;-0.017870181
10-10-2022;0.000216175
11-10-2022;-0.008555597
12-10-2022;-0.00572623
13-10-2022;0.05548912
14-10-2022;-0.040742047
17-10-2022;0.009029103
18-10-2022;-0.010575345
19-10-2022;0.016332545
20-10-2022;0.00234389
21-10-2022;0.02800449
24-10-2022;0.015833167
25-10-2022;0.014078104
26-10-2022;-0.008184152
27-10-2022;-0.019450536
28-10-2022;0.050688777
31-10-2022;0.00492099
01-11-2022;-0.026933078
02-11-2022;-0.025446503
03-11-2022;-0.021466427
04-11-2022;-0.026225348
07-11-2022;0.013153417
08-11-2022;-0.006182867
09-11-2022;-0.024225937
10-11-2022;0.037749401
11-11-2022;0.027032095
14-11-2022;-0.004179557
15-11-2022;-0.01132224
16-11-2022;-0.0018487
17-11-2022;0.0292994
18-11-2022;-0.007893982
21-11-2022;-0.014218848
22-11-2022;0.01450751
23-11-2022;0.010847267
28-11-2022;-0.005048685
29-11-2022;-0.020384389
30-11-2022;0.048294
01-12-2022;-0.001114103
02-12-2022;0.01351654
05-12-2022;-0.006684396
06-12-2022;-0.027450965
07-12-2022;-0.007549171
08-12-2022;0.001301641
09-12-2022;-0.001986167
12-12-2022;0.010788025
13-12-2022;-0.026198178
14-12-2022;-0.014133782
15-12-2022;-0.034839006
16-12-2022;-0.017877419
19-12-2022;-0.019510132
20-12-2022;0.004588961
21-12-2022;0.017223528
22-12-2022;-0.015230433
23-12-2022;0.005785564
27-12-2022;-0.00795455
28-12-2022;-0.028004337
29-12-2022;0.012379782
30-12-2022;0.011730475
03-01-2023;-0.041807258
04-01-2023;-0.004178665
05-01-2023;-0.016421402
06-01-2023;0.024027943
09-01-2023;-0.003285983
10-01-2023;0.003564727
11-01-2023;0.015372471
12-01-2023;-0.005046325
13-01-2023;0.019797184
17-01-2023;0.007060387
18-01-2023;-0.013083657
19-01-2023;0.00668488
20-01-2023;0.018560005
23-01-2023;0.019247201
24-01-2023;0.014737339
25-01-2023;0.005896544
26-01-2023;0.004842424
27-01-2023;0.019101507
30-01-2023;-0.01190602
31-01-2023;0.010107584
01-02-2023;0.011726801
02-02-2023;0.011868374
03-02-2023;0.044773405
06-02-2023;-0.005589813
07-02-2023;0.025170818
08-02-2023;-0.013324549
09-02-2023;-0.019299477
10-02-2023;0.011522496
13-02-2023;0.018476975
14-02-2023;0.004755721
15-02-2023;0.012491392
16-02-2023;-0.000430384
17-02-2023;0.000752925
21-02-2023;-0.011353386
22-02-2023;-0.003545054
23-02-2023;-0.005918044
24-02-2023;-0.003679786
27-02-2023;0.001018062
28-02-2023;0.003635275
01-03-2023;-0.009451423
02-03-2023;0.008428901
03-03-2023;0.018928704
06-03-2023;0.001105798
07-03-2023;-0.014315046
08-03-2023;-0.000293419
09-03-2023;-0.018695702
10-03-2023;-0.008465229
13-03-2023;0.01523959
14-03-2023;0.009189771
15-03-2023;0.013513481
16-03-2023;0.023891851
17-03-2023;-0.007487013
20-03-2023;0.016287582
21-03-2023;0.010757172
22-03-2023;-0.011884535
23-03-2023;0.000543281
24-03-2023;0.006475764
27-03-2023;-0.011469089
28-03-2023;-0.003875848
29-03-2023;0.008088675
30-03-2023;0.005247124
31-03-2023;0.014362282
03-04-2023;0.010442755
04-04-2023;-0.005025759
05-04-2023;-0.006148462
06-04-2023;0.013336331
10-04-2023;0.002439051
11-04-2023;-0.010371448
12-04-2023;-0.006161833
13-04-2023;0.023626802
14-04-2023;0.002003699
17-04-2023;0.00066203
18-04-2023;0.003457458
19-04-2023;0.010645742
20-04-2023;0.003518127
21-04-2023;0.000182604
24-04-2023;0.00160424
25-04-2023;-0.007420004
26-04-2023;0.004468394
27-04-2023;0.017406238
28-04-2023;0.00783855
01-05-2023;0.001269275
02-05-2023;-0.008384755
03-05-2023;-0.012810289
04-05-2023;0.005960646
05-05-2023;0.013735036
08-05-2023;0.005782038
09-05-2023;-0.00666967
10-05-2023;0.003405449
11-05-2023;0.000634288
12-05-2023;-0.006353172
15-05-2023;-0.005792674
16-05-2023;0.001017878
17-05-2023;0.004761695
18-05-2023;0.010481755
19-05-2023;-0.004412991
22-05-2023;0.001463865
23-05-2023;-0.008905316
24-05-2023;0.004666983
25-05-2023;0.002460409
26-05-2023;0.009304316
30-05-2023;0.001694484
31-05-2023;-0.000412624
01-06-2023;0.012043322
02-06-2023;-0.001549928
05-06-2023;-0.017776361
06-06-2023;-0.004734374
07-06-2023;-0.0034577
08-06-2023;0.013247598
09-06-2023;-0.003060881
12-06-2023;0.015092396
13-06-2023;0.003797006
14-06-2023;0.00250613
15-06-2023;0.010543063
16-06-2023;-0.010781958
20-06-2023;0.001570136
21-06-2023;-0.003359533
22-06-2023;0.018130199
23-06-2023;0.007041131
26-06-2023;-0.008090764
27-06-2023;0.011635468
28-06-2023;0.006019302
29-06-2023;0.001955752
30-06-2023;0.009987585
05-07-2023;-0.001409689
06-07-2023;0.01056498
07-07-2023;-0.002905956
10-07-2023;-0.003627745
11-07-2023;-0.005006409
12-07-2023;0.000869654
13-07-2023;0.000865627
14-07-2023;0.003072958
17-07-2023;0.01023316
18-07-2023;0.001678237
19-07-2023;0.011304957
20-07-2023;-0.009866215
21-07-2023;-0.011578728
24-07-2023;-0.002773844
25-07-2023;0.000544401
26-07-2023;0.005435879
27-07-2023;-0.014898871
28-07-2023;0.00655338
31-07-2023;0.001808528
01-08-2023;-0.003292158
02-08-2023;-0.012101243
03-08-2023;-0.00243258
04-08-2023;-0.018291792
07-08-2023;-0.020189167
08-08-2023;0.001561408
09-08-2023;-0.015045986
10-08-2023;-0.007608229
11-08-2023;0.001944159
14-08-2023;0.008338425
15-08-2023;-0.006477943
16-08-2023;-0.0014189
17-08-2023;-0.018762986
18-08-2023;0.014113961
21-08-2023;0.002133393
22-08-2023;0.000876664
23-08-2023;0.013705476
24-08-2023;-0.023195015
25-08-2023;0.005896009
28-08-2023;0.000829361
29-08-2023;0.023393631
30-08-2023;0.014434448
31-08-2023;-0.000905764
01-09-2023;0.001033609
05-09-2023;0.006772519
06-09-2023;-0.027139169
07-09-2023;0.014346001
08-09-2023;-0.000143597
11-09-2023;-0.003219602
12-09-2023;-0.018265507
13-09-2023;-0.012800928
14-09-2023;0.011465285
15-09-2023;-0.007970395
18-09-2023;0.006667021
19-09-2023;0.008616762
20-09-2023;-0.020344618
21-09-2023;-0.003158516
22-09-2023;0.000916766
25-09-2023;0.008908787
26-09-2023;-0.016667347
27-09-2023;-0.012796367
28-09-2023;0.004879265
29-09-2023;-0.004634127
02-10-2023;0.013227618
03-10-2023;0.000952091
04-10-2023;0.014508596
05-10-2023;0.006222603
06-10-2023;0.019499612
09-10-2023;0.011523537
10-10-2023;0.001317941
11-10-2023;0.008410686
12-10-2023;0.003629755
13-10-2023;-0.015101845
16-10-2023;0.008985898
17-10-2023;0.003394557
18-10-2023;0.001483588
19-10-2023;-0.004315653
20-10-2023;-0.014530151
23-10-2023;0.011601486
24-10-2023;0.002599968
25-10-2023;-0.003353794
26-10-2023;-0.021827212
27-10-2023;0.008982499
30-10-2023;0.00763445
31-10-2023;0.009180292
01-11-2023;0.01640813
02-11-2023;0.01299356
03-11-2023;0.012592497
06-11-2023;0.016391469
07-11-2023;0.014983404
08-11-2023;0.002520464
09-11-2023;-0.003037107
10-11-2023;0.012849499
13-11-2023;-0.006046092
14-11-2023;-0.001681561
15-11-2023;0.000878176
16-11-2023;0.001424143
17-11-2023;-0.003710655
20-11-2023;0.007605354
21-11-2023;-0.004369554
22-11-2023;-0.000992043
27-11-2023;-7.72E-05
28-11-2023;0.003315246
29-11-2023;-0.008940419
30-11-2023;0.001000952
01-12-2023;0.004687448
04-12-2023;-0.003003893
05-12-2023;0.016894268
06-12-2023;-0.012076478
07-12-2023;0.002475685
08-12-2023;0.007414104
11-12-2023;0.000386402
12-12-2023;0.008353968
13-12-2023;0.015045465
14-12-2023;-0.000149393
15-12-2023;-0.001747461
18-12-2023;-0.00148206
19-12-2023;0.003155798
20-12-2023;-0.010213885
21-12-2023;-0.006861827
22-12-2023;-0.008283364
26-12-2023;-0.004216719
27-12-2023;0.002954908
28-12-2023;-0.001909317
29-12-2023;-0.007301036
